ts,ws_mb,private_mb,timeline_mb
18:35:16,13.5,5.5,0.00
18:35:21,13.5,5.1,0.00
18:35:26,13.5,5.1,0.00
18:35:31,13.5,5.1,0.00
18:35:36,13.5,5.1,0.00
18:35:41,13.5,5.1,0.00
18:35:46,13.5,5.1,0.00
18:35:51,13.5,5.1,0.00
18:35:56,13.5,5.2,0.00
18:36:01,13.5,5.2,0.00
18:36:06,13.5,5.2,0.00
18:36:11,13.5,5.2,0.00
18:36:16,13.5,5.2,0.00
18:36:21,13.5,5.2,0.00
18:36:26,13.5,5.2,0.00
18:36:31,13.5,5.2,0.00
18:36:36,13.5,5.2,0.00
18:36:41,13.6,5.2,0.00
18:36:46,13.6,5.2,0.00
18:36:51,13.6,5.2,0.00
18:36:56,13.6,5.2,0.00
18:37:01,13.6,5.2,0.00
18:37:06,13.6,5.2,0.00
18:37:11,13.6,5.2,0.00
18:37:16,13.6,5.2,0.00
18:37:21,13.6,5.2,0.00
18:37:26,13.6,5.2,0.00
18:37:31,13.6,5.2,0.00
18:37:36,13.6,5.2,0.00
18:37:41,13.6,5.2,0.00
18:37:46,13.6,5.2,0.00
18:37:51,13.6,5.2,0.00
18:37:56,13.6,5.2,0.00
18:38:01,13.6,5.2,0.00
18:38:06,13.6,5.2,0.00
18:38:11,13.6,5.2,0.00
18:38:16,13.6,5.2,0.00
18:38:21,13.7,5.3,0.00
18:38:26,13.7,5.3,0.00
18:38:32,13.7,5.3,0.00
18:38:37,13.7,5.3,0.00
18:38:42,13.7,5.3,0.00
18:38:47,13.7,5.3,0.00
18:38:52,13.7,5.3,0.00
18:38:57,13.7,5.3,0.00
18:39:02,13.7,5.3,0.00
18:39:07,13.7,5.3,0.00
18:39:12,13.7,5.3,0.00
18:39:17,13.7,5.3,0.00
18:39:22,13.8,5.4,0.00
18:39:27,13.8,5.4,0.00
18:39:32,13.8,5.4,0.00
18:39:37,13.8,5.4,0.00
18:39:42,14.0,5.7,0.00
18:39:47,14.0,5.4,0.00
18:39:52,14.0,5.4,0.00
18:39:57,14.0,5.4,0.00
18:40:02,14.0,5.4,0.00
18:40:07,14.0,5.4,0.00
18:40:12,14.0,5.4,0.00
18:40:17,14.0,5.4,0.00
18:40:22,13.9,5.4,0.00
18:40:27,13.9,5.4,0.00
18:40:32,13.9,5.4,0.00
18:40:37,26.6,16.8,0.00
18:40:42,26.6,16.8,0.00
18:40:47,26.6,16.8,0.00
18:40:52,26.6,16.8,0.00
18:40:57,26.6,16.8,0.00
18:41:02,26.6,16.7,0.00
18:41:07,26.6,16.7,0.00
18:41:12,26.6,16.7,0.00
18:41:17,26.6,16.7,0.00
18:41:22,26.6,16.7,0.00
18:41:27,26.6,16.7,0.00
18:41:32,26.6,16.7,0.00
18:41:37,26.6,16.7,0.00
18:41:42,26.6,16.7,0.00
18:41:47,26.6,16.7,0.00
18:41:52,26.6,16.7,0.00
18:41:57,26.6,16.7,0.00
18:42:02,26.6,16.7,0.00
18:42:07,26.6,16.7,0.00
18:42:12,26.6,16.7,0.00
18:42:17,26.6,16.7,0.00
18:42:22,26.6,16.7,0.00
18:42:27,26.6,16.7,0.00
18:42:32,26.6,16.7,0.00
18:42:37,26.6,16.7,0.00
18:42:42,26.6,16.7,0.00
18:42:47,28.1,18.3,0.07
18:42:52,29.0,19.9,0.17
18:42:57,30.1,21.1,0.29
18:43:02,31.6,22.6,0.41
18:43:07,33.2,24.1,0.53
18:43:12,33.7,26.1,0.65
18:43:17,35.3,27.2,0.78
18:43:22,37.1,30.1,0.90
18:43:27,38.9,31.1,1.02
18:43:32,43.0,35.0,1.12
18:43:37,45.0,38.5,1.24
18:43:42,47.4,43.7,1.36
18:43:47,50.7,48.1,1.49
18:43:52,50.2,45.8,1.61
18:43:57,52.3,46.7,1.73
18:44:02,58.9,54.7,1.83
18:44:07,61.4,57.0,1.96
18:44:12,62.8,57.1,2.08
18:44:17,64.3,57.1,2.21
18:44:22,67.5,60.1,2.33
18:44:27,76.0,69.4,2.43
18:44:32,107.4,102.5,2.53
18:44:37,114.8,109.6,2.58
18:44:42,81.1,76.0,2.63
18:44:47,129.4,124.2,2.67
18:44:52,131.1,126.6,2.71
18:44:57,134.4,132.2,2.76
18:45:02,144.3,140.9,2.81
18:45:07,166.1,163.5,2.84
18:45:12,164.8,164.9,2.89
18:45:17,172.0,170.0,2.94
18:45:22,182.7,180.3,2.99
18:45:27,180.4,178.3,3.03
18:45:32,195.4,192.7,3.07
18:45:37,114.5,112.2,3.12
18:45:42,210.7,215.4,3.16
18:45:47,206.0,208.4,3.21
18:45:52,210.2,214.9,3.26
18:45:57,218.4,220.7,3.30
18:46:02,227.0,228.0,3.34
18:46:07,223.0,224.8,3.39
18:46:13,227.8,228.6,3.44
18:46:18,241.7,241.6,3.48
18:46:23,243.6,242.6,3.53
18:46:28,255.7,254.1,3.57
18:46:33,271.5,269.1,3.61
18:46:38,269.4,267.0,3.66
18:46:43,280.6,279.2,3.71
18:46:48,273.2,270.3,3.75
18:46:53,153.0,148.8,3.80
18:46:58,274.7,277.3,3.84
18:47:03,268.3,268.1,3.88
18:47:08,275.9,275.2,3.93
18:47:13,268.4,267.6,3.98
18:47:18,166.7,162.4,4.02
18:47:23,265.7,267.4,4.07
18:47:28,298.8,298.6,4.10
18:47:33,270.4,271.0,4.15
18:47:38,265.2,264.9,4.20
18:47:43,180.5,179.5,4.24
18:47:48,258.3,257.9,4.29
18:47:53,254.9,254.3,4.33
18:47:58,250.1,249.4,4.38
18:48:03,237.1,236.8,4.42
18:48:08,233.5,232.5,4.47
18:48:13,244.0,245.9,4.51
18:48:18,224.3,223.5,4.56
18:48:23,311.7,313.2,4.59
18:48:28,210.8,209.7,4.65
18:48:33,214.5,214.6,4.68
18:48:38,217.4,217.3,4.74
18:48:43,220.1,221.2,4.77
18:48:48,223.0,225.7,4.83
18:48:53,225.8,228.4,4.86
18:48:58,228.5,231.2,4.92
18:49:03,231.3,235.2,4.95
18:49:08,234.2,240.7,5.00
18:49:13,236.8,244.0,5.04
18:49:18,240.8,251.7,5.09
18:49:23,243.7,256.0,5.13
18:49:28,603.0,620.6,5.18
18:49:33,249.1,270.7,5.22
18:49:38,252.0,278.5,5.27
18:49:43,254.7,281.2,5.32
18:49:48,257.5,283.9,5.36
18:49:53,418.6,448.9,5.39
18:49:58,263.3,295.7,5.45
18:50:03,266.0,299.7,5.49
18:50:08,268.8,304.9,5.54
18:50:13,271.5,308.0,5.58
18:50:18,274.3,310.8,5.62
18:50:23,277.2,314.5,5.67
18:50:28,281.8,320.4,5.71
18:50:33,284.7,323.4,5.75
18:50:38,287.4,326.6,5.80
18:50:43,289.6,329.3,5.85
18:50:48,292.5,332.5,5.89
18:50:53,295.6,335.2,5.94
18:50:58,298.4,338.0,5.98
18:51:03,301.2,340.7,6.02
18:51:08,303.9,344.1,6.07
18:51:13,306.7,346.8,6.12
18:51:18,309.5,349.5,6.15
18:51:23,576.9,619.6,6.20
18:51:28,314.9,355.8,6.25
18:51:33,317.7,358.5,6.29
18:51:38,575.0,617.0,6.33
18:51:43,321.3,363.8,6.38
18:51:48,322.2,365.8,6.40
18:51:53,654.8,699.8,6.44
18:51:58,321.9,365.5,6.46
18:52:03,322.8,377.3,6.48
18:52:08,323.4,378.0,6.52
18:52:13,322.1,376.6,6.55
18:52:18,322.7,377.1,6.56
18:52:24,325.0,380.2,6.61
18:52:29,325.5,382.8,6.64
18:52:34,323.9,381.1,6.67
18:52:39,324.2,381.5,6.71
18:52:44,324.6,384.9,6.72
18:52:49,324.8,386.9,6.76
18:52:54,325.0,387.1,6.79
18:52:59,325.0,385.9,6.81
18:53:04,532.1,596.0,6.84
18:53:09,325.3,390.2,6.88
18:53:14,325.3,390.2,6.90
18:53:19,593.5,659.9,6.94
18:53:24,325.5,390.7,6.97
18:53:29,325.5,391.3,7.02
18:53:34,325.4,392.4,7.04
18:53:39,327.2,397.4,7.08
18:53:44,332.5,401.1,7.11
18:53:49,326.9,398.1,7.15
18:53:54,326.5,398.7,7.18
18:53:59,326.2,398.9,7.21
18:54:04,325.9,400.8,7.24
18:54:09,328.2,402.9,7.28
18:54:14,327.6,402.3,7.31
18:54:19,329.2,405.8,7.35
18:54:24,328.4,405.7,7.38
18:54:29,693.0,778.7,7.42
18:54:34,329.8,411.5,7.46
18:54:39,329.1,410.8,7.49
18:54:44,700.3,786.2,7.52
18:54:49,330.5,412.9,7.57
18:54:54,329.6,412.1,7.60
18:54:59,328.9,411.2,7.64
18:55:04,330.8,413.1,7.67
18:55:09,329.9,412.2,7.70
18:55:14,329.0,411.2,7.74
18:55:19,331.0,413.1,7.79
18:55:24,330.0,412.9,7.81
18:55:29,328.9,411.8,7.85
18:55:34,330.8,414.5,7.90
18:55:39,543.5,629.2,7.92
18:55:44,331.4,415.2,7.97
18:55:49,330.3,414.0,8.00
18:55:54,616.0,713.1,8.04
18:55:59,330.9,414.4,8.08
18:56:04,329.7,413.1,8.11
18:56:09,331.4,414.9,8.16
18:56:14,330.9,412.5,8.18
18:56:19,332.7,414.2,8.23
18:56:24,331.2,412.7,8.27
18:56:29,333.0,414.4,8.31
18:56:34,331.5,412.9,8.34
18:56:39,333.2,414.6,8.39
18:56:44,331.7,413.0,8.42
18:56:49,333.4,414.6,8.46
18:56:54,331.7,413.0,8.50
18:56:59,333.4,414.6,8.54
18:57:04,331.7,413.8,8.57
18:57:09,333.3,415.5,8.61
18:57:14,331.7,413.7,8.65
18:57:19,333.3,415.3,8.69
18:57:24,334.8,416.9,8.74
18:57:29,333.1,415.0,8.77
18:57:34,334.7,416.5,8.81
18:57:39,332.7,414.6,8.84
18:57:44,334.4,416.1,8.89
18:57:49,458.7,542.2,8.91
18:57:54,333.9,415.6,8.97
18:57:59,335.6,417.2,9.01
18:58:04,333.5,415.1,9.04
18:58:09,336.3,416.6,9.09
18:58:14,334.3,414.4,9.12
18:58:19,335.7,415.9,9.16
18:58:24,337.3,417.3,9.21
18:58:29,335.1,415.1,9.24
18:58:34,336.5,416.5,9.28
18:58:40,334.3,414.2,9.32
18:58:45,334.9,413.9,9.36
18:58:50,336.3,415.4,9.40
18:58:55,333.9,413.0,9.44
18:59:00,335.4,414.4,9.48
18:59:05,336.8,415.8,9.52
18:59:10,334.4,413.3,9.57
18:59:15,335.9,414.7,9.60
18:59:20,337.3,416.1,9.64
18:59:25,334.8,413.5,9.69
18:59:30,336.2,414.9,9.73
18:59:35,368.1,448.5,9.77
18:59:40,334.9,413.6,9.81
18:59:45,336.3,414.9,9.85
18:59:50,367.8,450.1,9.89
18:59:55,336.0,414.5,9.93
19:00:00,337.5,415.9,9.97
19:00:05,462.0,544.2,10.01
19:00:10,337.3,415.3,10.05
19:00:15,338.6,416.6,10.09
19:00:20,466.9,546.0,10.14
19:00:25,341.3,419.2,10.19
19:00:30,338.5,416.3,10.21
19:00:35,465.2,543.3,10.26
19:00:40,341.1,418.9,10.31
19:00:45,338.2,415.8,10.33
19:00:50,371.9,452.0,10.38
19:00:55,340.7,418.3,10.43
19:01:00,342.0,419.6,10.47
19:01:05,338.9,416.5,10.50
19:01:10,340.1,417.7,10.55
19:01:15,341.5,432.8,10.59
19:01:20,338.4,429.6,10.63
19:01:25,339.6,430.8,10.67
19:01:30,340.8,432.0,10.71
19:01:35,342.2,433.3,10.75
19:01:40,338.8,429.9,10.81
19:01:45,340.0,431.1,10.83
19:01:50,341.3,432.3,10.87
19:01:55,342.5,433.5,10.93
19:02:00,340.1,430.1,10.97
19:02:05,341.4,431.9,10.99
19:02:10,342.6,433.1,11.05
19:02:15,343.8,434.2,11.09
19:02:20,345.1,435.4,11.13
19:02:25,614.9,707.0,11.16
19:02:30,342.7,433.0,11.21
19:02:35,327.9,340.7,11.25
19:02:40,661.8,677.6,11.29
19:02:45,325.5,338.4,11.33
19:02:50,326.8,339.6,11.37
19:02:55,327.4,340.1,11.42
19:03:00,353.9,366.7,11.47
19:03:05,324.9,337.6,11.51
19:03:10,356.3,372.3,11.54
19:03:15,337.5,345.0,11.59
19:03:20,330.8,346.2,11.63
19:03:25,329.7,343.0,11.67
19:03:30,352.0,365.3,11.71
19:03:35,327.2,340.3,11.75
19:03:40,349.0,362.7,11.80
19:03:45,329.7,342.8,11.85
19:03:50,331.0,343.9,11.88
19:03:55,329.2,342.3,11.92
19:04:00,609.9,631.6,11.96
19:04:05,331.5,344.4,12.01
19:04:10,332.5,345.5,12.05
19:04:15,617.7,635.7,12.09
19:04:20,360.5,373.6,12.13
19:04:25,330.6,343.4,12.18
19:04:30,331.7,345.0,12.22
19:04:35,332.9,347.5,12.27
19:04:41,333.9,349.3,12.31
19:04:46,329.7,344.9,12.35
19:04:51,330.8,347.9,12.39
19:04:56,331.8,348.9,12.43
19:05:01,332.9,349.9,12.48
19:05:06,334.0,351.0,12.53
19:05:11,335.0,352.0,12.57
19:05:16,330.6,347.5,12.60
19:05:21,818.8,839.7,12.64
19:05:26,332.7,349.6,12.69
19:05:31,333.7,350.6,12.73
19:05:36,334.8,351.6,12.78
19:05:41,335.9,352.6,12.83
19:05:46,331.2,348.0,12.85
19:05:51,333.8,350.4,12.90
19:05:56,617.8,641.7,12.94
19:06:01,335.8,352.4,12.99
19:06:06,336.9,353.4,13.04
19:06:11,337.9,354.3,13.07
19:06:16,333.1,349.6,13.11
19:06:21,334.2,350.5,13.16
19:06:26,335.2,351.5,13.20
19:06:31,336.2,352.5,13.25
19:06:36,337.3,353.4,13.29
19:06:41,338.2,354.4,13.33
19:06:46,708.4,726.7,13.36
19:06:51,334.4,350.4,13.41
19:06:56,335.4,351.4,13.46
19:07:01,336.4,352.3,13.50
19:07:06,337.4,353.3,13.55
19:07:11,338.3,354.2,13.59
19:07:16,339.4,355.2,13.63
19:07:21,806.6,824.6,13.66
19:07:26,335.2,351.0,13.71
19:07:31,336.2,351.9,13.76
19:07:36,337.2,352.9,13.79
19:07:41,339.0,354.8,13.85
19:07:46,340.1,355.7,13.89
19:07:51,341.0,356.6,13.93
19:07:56,615.6,633.0,13.96
19:08:01,337.0,352.6,14.01
19:08:06,338.0,353.5,14.06
19:08:11,338.9,355.1,14.10
19:08:16,339.8,356.9,14.15
19:08:21,340.8,357.8,14.19
19:08:26,341.7,358.7,14.23
19:08:31,620.2,642.7,14.26
19:08:36,337.3,354.2,14.31
19:08:41,338.2,355.1,14.36
19:08:46,339.1,356.0,14.39
19:08:51,340.0,356.8,14.45
19:08:56,340.9,357.7,14.50
19:09:01,342.0,358.6,14.53
19:09:06,625.5,647.0,14.57
19:09:11,337.2,353.9,14.61
19:09:16,338.2,354.8,14.66
19:09:21,339.1,355.6,14.69
19:09:26,340.0,356.5,14.75
19:09:31,340.9,357.3,14.79
19:09:36,343.2,359.6,14.83
19:09:41,688.6,710.9,14.87
19:09:46,344.9,361.3,14.92
19:09:51,339.2,355.5,14.96
19:09:56,340.0,356.3,15.00
19:10:01,341.0,357.6,15.05
19:10:06,341.9,358.4,15.10
19:10:11,342.7,359.2,15.13
19:10:16,375.6,394.1,15.17
19:10:21,344.5,360.9,15.22
19:10:26,345.4,361.8,15.27
19:10:31,346.4,362.6,15.31
19:10:36,340.3,356.6,15.35
19:10:41,341.1,357.4,15.39
19:10:46,342.1,358.2,15.43
19:10:51,342.9,359.0,15.48
19:10:56,343.8,359.9,15.52
19:11:02,344.7,360.7,15.57
19:11:07,345.5,361.5,15.61
19:11:12,475.3,496.6,15.66
19:11:17,347.2,363.1,15.71
19:11:22,341.0,356.9,15.74
19:11:27,341.8,357.7,15.77
19:11:32,624.9,644.0,15.82
19:11:37,344.4,360.2,15.87
19:11:42,345.3,361.0,15.91
19:11:47,346.2,361.8,15.96
19:11:52,347.0,365.3,16.01
19:11:57,347.8,366.1,16.05
19:12:02,348.7,366.9,16.09
19:12:07,342.2,360.4,16.13
19:12:12,343.0,361.2,16.18
19:12:17,344.0,362.0,16.21
19:12:22,344.7,362.8,16.25
19:12:27,345.5,363.5,16.30
19:12:32,346.4,364.3,16.35
19:12:37,347.2,365.1,16.39
19:12:42,393.5,419.5,16.43
19:12:47,318.2,323.3,16.49
19:12:52,318.2,323.3,16.64
19:12:57,318.2,323.3,16.75
19:13:02,318.9,324.0,16.86
19:13:07,320.6,325.7,16.98
19:13:12,603.4,613.9,17.08
19:13:17,318.2,322.9,17.22
19:13:22,320.0,324.7,17.33
19:13:27,322.8,327.3,17.45
19:13:32,601.6,609.0,17.56
19:13:37,330.2,335.3,17.70
19:13:42,334.6,339.3,17.82
19:13:47,331.8,335.6,17.92
19:13:52,336.9,340.6,18.03
19:13:57,344.6,348.5,18.18
19:14:02,350.8,354.0,18.29
19:14:07,327.6,330.6,18.36
19:14:12,290.4,292.4,18.40
19:14:17,253.4,253.6,18.45
19:14:22,216.8,217.4,18.49
19:14:27,181.6,185.5,18.54
19:14:32,158.7,163.9,10.57
19:14:37,166.4,172.7,10.61
19:14:42,190.6,198.4,10.65
19:14:47,174.6,180.6,10.70
19:14:52,187.9,195.4,10.75
19:14:57,200.9,210.3,10.79
19:15:02,214.0,224.8,10.84
19:15:07,223.4,234.7,10.88
19:15:12,222.4,226.3,10.92
19:15:17,226.4,225.4,10.97
19:15:22,229.1,226.4,11.02
19:15:27,237.2,234.4,11.06
19:15:32,242.1,239.5,11.11
19:15:37,249.9,247.1,11.16
19:15:42,259.4,256.8,11.20
19:15:47,255.1,251.9,11.24
19:15:52,264.3,261.0,11.29
19:15:57,266.5,263.2,11.33
19:16:02,278.4,275.0,11.37
19:16:07,273.4,269.9,11.42
19:16:12,273.8,270.4,11.47
19:16:17,277.7,274.1,11.51
19:16:22,283.2,279.6,11.56
19:16:27,292.1,288.5,11.60
19:16:32,296.4,292.7,11.65
19:16:37,299.3,295.6,11.69
19:16:42,269.3,268.6,11.74
19:16:47,179.1,175.7,11.78
19:16:52,280.6,277.9,11.83
19:16:57,371.7,371.1,11.87
19:17:02,281.5,278.5,11.92
19:17:07,380.1,379.6,11.96
19:17:12,276.3,275.6,12.01
19:17:17,421.3,419.2,12.05
19:17:22,269.6,270.9,12.10
19:17:27,363.2,368.3,12.14
19:17:32,276.0,276.9,12.19
19:17:37,190.7,190.1,12.23
19:17:43,274.8,274.9,12.28
19:17:48,274.2,274.0,12.32
19:17:53,196.9,196.1,12.37
19:17:58,269.1,269.0,12.41
19:18:03,202.6,201.6,12.46
19:18:08,255.9,255.1,12.50
19:18:13,383.5,382.8,12.54
19:18:18,246.1,248.0,12.59
19:18:23,213.1,212.1,12.63
19:18:28,220.2,219.2,12.68
19:18:33,222.0,221.7,12.72
19:18:38,331.7,337.1,12.76
19:18:43,227.3,231.3,12.81
19:18:48,230.9,235.0,12.85
19:18:53,233.7,237.8,12.90
19:18:58,236.7,241.4,12.95
19:19:03,239.5,245.9,12.99
19:19:08,244.2,251.2,13.04
19:19:13,247.0,254.7,13.08
19:19:18,249.8,259.1,13.12
19:19:23,252.7,262.8,13.17
19:19:28,255.4,265.9,13.21
19:19:33,258.1,270.5,13.25
19:19:38,261.1,274.3,13.31
19:19:43,263.8,277.6,13.34
19:19:48,266.5,281.3,13.39
19:19:53,269.3,284.0,13.44
19:19:58,272.1,286.7,13.48
19:20:03,275.0,289.6,13.52
19:20:08,277.8,293.3,13.57
19:20:13,280.5,297.3,13.61
19:20:18,283.3,300.9,13.66
19:20:23,286.2,304.5,13.71
19:20:28,288.9,309.7,13.75
19:20:33,292.0,314.3,13.79
19:20:38,544.7,568.3,13.83
19:20:43,297.6,321.1,13.89
19:20:48,300.3,323.8,13.93
19:20:53,303.2,326.6,13.97
19:20:58,578.5,608.7,14.01
19:21:03,310.0,335.7,14.07
19:21:08,312.9,339.0,14.11
19:21:13,315.5,341.7,14.15
19:21:18,684.4,712.3,14.19
19:21:23,321.1,348.8,14.24
19:21:28,323.8,352.8,14.28
19:21:33,326.5,355.5,14.33
19:21:38,445.2,474.5,14.37
19:21:43,330.3,359.1,14.41
19:21:48,329.3,358.2,14.45
19:21:53,330.1,359.5,14.46
19:21:58,331.0,367.2,14.49
19:22:03,621.1,666.1,14.53
19:22:08,330.4,367.5,14.55
19:22:13,331.1,368.1,14.58
19:22:18,329.6,366.6,14.61
19:22:23,358.1,396.5,14.62
19:22:28,330.6,368.1,14.66
19:22:33,330.9,368.4,14.70
19:22:38,331.3,368.8,14.72
19:22:43,331.7,369.0,14.75
19:22:48,629.0,671.1,14.79
19:22:53,333.0,370.4,14.83
19:22:58,333.3,371.2,14.86
19:23:03,333.3,370.3,14.88
19:23:08,333.3,370.3,14.92
19:23:13,333.0,369.8,14.95
19:23:18,332.9,369.8,14.98
19:23:23,332.9,370.5,15.01
19:23:28,332.8,370.3,15.04
19:23:33,626.1,672.0,15.07
19:23:38,332.5,370.7,15.11
19:23:43,332.3,370.4,15.14
19:23:48,332.0,370.1,15.17
19:23:53,452.2,491.8,15.21
19:23:58,334.3,372.3,15.26
19:24:03,333.9,371.9,15.28
19:24:09,333.4,371.4,15.31
19:24:14,333.0,370.9,15.35
19:24:19,627.4,667.9,15.38
19:24:24,334.4,372.3,15.43
19:24:29,333.9,371.7,15.45
19:24:34,333.2,371.0,15.48
19:24:39,363.9,402.7,15.53
19:24:44,334.5,372.2,15.57
19:24:49,335.1,373.0,15.59
19:24:54,334.2,372.1,15.63
19:24:59,336.2,374.0,15.67
19:25:04,633.1,674.8,15.70
19:25:09,337.2,375.0,15.75
19:25:14,336.3,374.0,15.78
19:25:19,335.3,373.0,15.81
19:25:24,529.9,566.6,15.85
19:25:29,336.2,373.7,15.89
19:25:34,337.7,376.1,15.93
19:25:39,336.9,375.2,15.96
19:25:44,335.5,373.7,15.99
19:25:49,521.7,562.4,16.05
19:25:54,336.3,375.4,16.07
19:25:59,338.1,374.7,16.11
19:26:04,336.9,376.8,16.15
19:26:09,627.5,672.9,16.19
19:26:14,337.3,377.1,16.23
19:26:19,337.5,379.1,16.27
19:26:24,337.3,377.1,16.31
19:26:29,355.5,396.4,16.35
19:26:34,632.8,680.7,16.37
19:26:39,336.0,375.7,16.41
19:26:44,338.7,378.2,16.45
19:26:49,340.3,379.9,16.50
19:26:54,338.7,378.2,16.53
19:26:59,340.4,379.8,16.58
19:27:04,338.7,378.1,16.61
19:27:09,340.3,379.7,16.66
19:27:14,338.6,377.9,16.68
19:27:19,712.7,754.1,16.72
19:27:24,337.7,377.0,16.76
19:27:29,339.4,378.5,16.80
19:27:34,337.5,376.6,16.85
19:27:39,339.0,378.1,16.88
19:27:44,636.1,685.3,16.92
19:27:49,338.7,378.6,16.96
19:27:54,340.1,380.1,17.01
19:27:59,338.1,377.9,17.03
19:28:04,329.7,331.1,17.07
19:28:09,331.4,332.7,17.13
19:28:14,329.4,331.5,17.16
19:28:19,330.9,333.0,17.21
19:28:24,328.8,331.9,17.23
19:28:29,330.4,333.4,17.27
19:28:34,331.9,334.9,17.33
19:28:39,331.5,334.5,17.36
19:28:44,330.7,331.6,17.40
19:28:49,332.2,333.0,17.44
19:28:54,450.7,451.9,17.47
19:28:59,331.6,332.7,17.52
19:29:04,329.2,330.2,17.57
19:29:09,330.5,331.6,17.60
19:29:14,332.1,333.0,17.64
19:29:19,789.5,792.6,17.69
19:29:24,330.9,331.9,17.72
19:29:29,332.4,333.2,17.77
19:29:34,329.8,331.5,17.81
19:29:39,331.1,332.9,17.83
19:29:44,600.7,602.8,17.88
19:29:49,334.0,335.6,17.94
19:29:54,331.2,332.8,17.96
19:29:59,332.6,334.1,18.00
19:30:05,334.0,335.5,18.05
19:30:10,331.2,332.6,18.08
19:30:15,332.6,334.0,18.13
19:30:20,333.9,335.4,18.17
19:30:25,331.1,332.4,18.20
19:30:30,334.0,335.2,18.25
19:30:35,335.3,336.5,18.29
19:30:40,336.7,337.8,18.34
19:30:45,333.7,334.8,18.37
19:30:50,335.1,336.1,18.41
19:30:55,336.3,337.3,18.46
19:31:00,632.3,635.0,18.50
19:31:05,334.5,335.5,18.54
19:31:10,335.9,350.7,18.58
19:31:15,337.1,351.9,18.62
19:31:20,333.9,348.7,18.66
19:31:25,782.2,802.8,18.70
19:31:30,336.5,351.1,18.75
19:31:35,337.8,352.4,18.79
19:31:40,334.6,349.0,18.82
19:31:45,335.7,350.2,18.86
19:31:50,337.0,351.5,18.91
19:31:55,404.1,421.8,18.96
19:32:00,334.9,350.2,18.99
19:32:05,336.1,351.4,19.03
19:32:10,337.4,352.6,19.07
19:32:15,338.6,353.8,19.12
19:32:20,626.7,643.8,19.15
19:32:25,337.3,352.3,19.20
19:32:30,338.4,353.5,19.25
19:32:35,339.6,354.6,19.29
19:32:40,336.1,350.9,19.34
19:32:45,368.7,386.2,19.36
19:32:50,338.4,353.3,19.42
19:32:55,339.6,354.4,19.46
19:33:00,340.8,355.5,19.50
19:33:05,337.0,351.7,19.53
19:33:10,338.2,352.8,19.58
19:33:15,662.1,683.9,19.62
19:33:20,340.5,355.1,19.67
19:33:25,372.7,394.1,19.71
19:33:30,337.8,352.2,19.74
19:33:35,369.9,387.5,19.79
19:33:40,339.9,354.3,19.83
19:33:45,369.0,383.9,19.88
19:33:50,342.1,356.5,19.92
19:33:55,338.1,352.5,19.95
19:34:00,339.3,353.6,20.00
19:34:05,340.3,354.0,20.04
19:34:10,716.4,736.2,20.08
19:34:15,342.6,356.7,20.14
19:34:20,340.2,354.4,20.16
19:34:25,341.3,355.5,20.20
19:34:30,342.4,356.6,20.25
19:34:35,343.4,357.6,20.29
19:34:40,635.9,651.8,20.33
19:34:45,340.3,354.3,20.38
19:34:50,341.3,355.4,20.42
19:34:55,342.4,356.4,20.47
19:35:00,343.5,357.4,20.51
19:35:05,344.5,358.5,20.55
19:35:10,643.2,659.5,20.59
19:35:15,341.3,355.0,20.63
19:35:20,342.3,356.0,20.67
19:35:25,343.4,357.6,20.72
19:35:30,344.4,358.6,20.76
19:35:35,345.4,359.6,20.80
19:35:40,637.4,658.0,20.84
19:35:45,341.9,356.0,20.89
19:35:50,342.9,357.0,20.93
19:35:55,344.0,358.0,20.98
19:36:00,345.0,358.9,21.02
19:36:05,346.0,360.0,21.06
19:36:10,639.3,658.3,21.11
19:36:15,342.8,357.4,21.14
19:36:20,343.8,358.4,21.19
19:36:25,344.8,359.4,21.23
19:36:30,345.8,360.4,21.27
19:36:36,346.8,361.3,21.31
19:36:41,571.4,590.1,21.36
19:36:46,343.0,357.4,21.40
19:36:51,343.9,358.3,21.45
19:36:56,345.0,359.3,21.49
19:37:01,346.0,360.2,21.53
19:37:06,347.0,361.2,21.57
19:37:11,478.1,495.3,21.62
19:37:16,430.2,445.0,21.65
19:37:21,343.9,358.0,21.70
19:37:26,344.9,358.9,21.75
19:37:31,345.9,360.6,21.79
19:37:36,346.8,361.5,21.83
19:37:41,347.8,362.5,21.87
19:37:46,631.8,650.3,21.92
19:37:51,343.6,358.1,21.95
19:37:56,344.5,359.0,22.00
19:38:01,345.5,359.9,22.04
19:38:06,347.8,362.3,22.08
19:38:11,348.7,363.2,22.12
19:38:16,349.7,364.1,22.18
19:38:21,649.2,666.4,22.22
19:38:26,351.6,365.9,22.27
19:38:31,346.2,360.5,22.30
19:38:36,347.2,361.3,22.34
19:38:41,348.1,362.2,22.38
19:38:46,349.0,363.1,22.42
19:38:51,349.9,364.0,22.47
19:38:56,644.5,664.2,22.52
19:39:01,351.8,365.8,22.57
19:39:06,346.2,360.1,22.61
19:39:11,347.1,361.0,22.64
19:39:16,347.9,361.9,22.68
19:39:21,349.0,362.7,22.73
19:39:26,349.8,363.6,22.77
19:39:31,350.7,364.5,22.82
19:39:36,737.6,756.3,22.86
19:39:41,352.5,366.2,22.92
19:39:46,353.5,367.1,22.96
19:39:51,347.7,362.0,22.99
19:39:56,348.5,362.9,23.03
19:40:01,350.4,364.7,23.07
19:40:06,351.3,365.6,23.12
19:40:11,352.2,366.4,23.16
19:40:16,829.6,850.7,23.20
19:40:21,354.0,368.1,23.26
19:40:26,354.8,368.9,23.31
19:40:31,348.9,362.9,23.33
19:40:36,349.7,363.7,23.38
19:40:41,350.6,364.5,23.42
19:40:46,351.4,365.4,23.46
19:40:51,352.4,366.2,23.51
19:40:56,540.6,556.8,23.55
19:41:01,663.6,694.2,23.60
19:41:06,355.0,368.7,23.65
19:41:11,355.8,369.5,23.69
19:41:16,349.5,363.2,23.72
19:41:21,350.5,364.0,23.76
19:41:26,351.3,364.8,23.81
19:41:31,352.1,365.7,23.86
19:41:36,353.0,366.4,23.90
19:41:41,484.6,504.2,23.94
19:41:46,652.5,670.6,23.98
19:41:51,355.5,368.8,24.04
19:41:56,357.2,370.6,24.08
19:42:01,358.0,371.4,24.13
19:42:06,351.6,364.9,24.15
19:42:11,352.4,365.7,24.20
19:42:16,353.3,366.4,24.24
19:42:22,354.2,367.2,24.29
19:42:27,354.9,368.0,24.33
19:42:32,665.3,683.2,24.37
19:42:37,687.9,709.9,24.42
19:42:42,357.4,370.3,24.47
19:42:47,327.5,327.8,24.54
19:42:52,328.4,328.6,24.66
19:42:57,328.6,328.6,24.78
19:43:02,328.6,328.6,24.89
19:43:07,321.7,321.5,25.01
19:43:12,323.8,323.7,25.11
19:43:17,604.3,606.9,25.23
19:43:22,618.4,626.4,25.35
19:43:27,331.5,331.2,25.50
19:43:32,335.4,334.4,25.62
19:43:37,339.4,338.5,25.73
19:43:42,344.0,343.4,25.85
19:43:47,342.0,341.4,25.96
19:43:52,347.5,347.2,26.08
19:43:57,354.3,353.8,26.19
19:44:02,359.3,358.6,26.31
19:44:07,336.5,335.9,26.38
19:44:12,514.3,517.6,26.43
19:44:17,263.2,262.0,26.48
19:44:22,225.8,224.9,26.52
19:44:27,188.7,187.9,26.56
19:44:32,168.1,168.9,18.59
19:44:37,174.4,177.8,18.63
19:44:42,168.8,175.5,18.68
19:44:47,179.6,185.9,18.72
19:44:52,191.6,198.1,18.77
19:44:57,202.5,209.6,18.81
19:45:02,217.6,228.6,18.86
19:45:07,245.1,256.9,18.90
19:45:12,238.3,249.6,18.95
19:45:17,284.1,292.9,18.99
19:45:22,246.3,250.2,19.04
19:45:27,286.5,287.3,19.08
19:45:32,252.9,250.0,19.13
19:45:37,255.0,252.4,19.17
19:45:42,270.3,267.6,19.22
19:45:47,274.7,272.1,19.26
19:45:52,276.2,273.6,19.31
19:45:57,284.4,281.7,19.35
19:46:02,285.3,282.5,19.40
19:46:07,287.5,284.6,19.44
19:46:12,293.7,290.8,19.49
19:46:17,296.2,293.1,19.53
19:46:22,297.7,294.6,19.57
19:46:27,297.6,294.4,19.63
19:46:32,300.3,297.0,19.66
19:46:37,304.4,301.0,19.72
19:46:42,313.2,310.0,19.76
19:46:47,168.2,164.2,19.80
19:46:52,286.7,285.1,19.85
19:46:57,173.7,169.6,19.89
19:47:02,294.7,293.9,19.93
19:47:07,292.4,291.1,19.98
19:47:12,302.5,300.6,20.02
19:47:17,390.9,390.6,20.07
19:47:22,299.9,302.2,20.12
19:47:27,300.3,302.0,20.16
19:47:32,412.4,419.7,20.20
19:47:37,293.3,294.0,20.25
19:47:42,198.8,197.9,20.29
19:47:47,401.2,401.1,20.34
19:47:52,287.3,286.8,20.39
19:47:57,207.3,206.5,20.43
19:48:02,271.8,271.0,20.47
19:48:07,262.6,263.2,20.52
19:48:12,255.8,254.9,20.57
19:48:17,244.4,244.4,20.61
19:48:22,235.7,234.8,20.65
19:48:27,425.9,426.4,20.69
19:48:32,229.5,230.1,20.75
19:48:37,232.2,232.9,20.79
19:48:42,235.1,236.6,20.83
19:48:47,237.8,239.3,20.87
19:48:52,241.5,243.1,20.93
19:48:57,244.4,245.8,20.97
19:49:03,247.2,249.6,21.01
19:49:08,250.1,252.4,21.05
19:49:13,534.7,540.4,21.10
19:49:18,256.1,261.0,21.15
19:49:23,258.8,267.1,21.19
19:49:28,261.7,276.0,21.23
19:49:33,266.2,281.8,21.28
19:49:38,459.4,476.7,21.32
19:49:43,271.9,288.9,21.37
19:49:48,274.6,295.3,21.42
19:49:53,277.4,299.4,21.46
19:49:58,280.3,303.7,21.50
19:50:03,283.0,307.9,21.54
19:50:08,399.9,428.7,21.59
19:50:13,288.9,315.6,21.64
19:50:18,291.6,319.2,21.69
19:50:23,294.4,321.9,21.73
19:50:28,297.2,325.5,21.77
19:50:33,299.9,328.3,21.81
19:50:38,302.7,331.0,21.86
19:50:43,305.4,334.3,21.90
19:50:48,652.6,682.7,21.95
19:50:53,311.0,339.8,22.00
19:50:58,313.7,342.5,22.04
19:51:03,316.4,345.2,22.09
19:51:08,319.3,348.0,22.13
19:51:13,322.1,350.7,22.17
19:51:18,324.8,353.4,22.22
19:51:23,329.0,358.1,22.26
19:51:28,331.7,361.5,22.30
19:51:33,334.4,364.2,22.35
19:51:38,337.2,366.9,22.39
19:51:43,666.9,699.9,22.43
19:51:48,644.1,684.5,22.46
19:51:53,337.9,371.8,22.49
19:51:58,338.7,379.4,22.52
19:52:03,337.5,378.2,22.54
19:52:08,338.2,379.1,22.57
19:52:13,338.8,379.7,22.60
19:52:18,337.3,378.2,22.63
19:52:23,337.8,378.7,22.65
19:52:28,338.3,379.1,22.68
19:52:33,338.7,379.5,22.71
19:52:38,339.1,379.8,22.74
19:52:43,339.4,380.8,22.77
19:52:48,339.6,381.0,22.81
19:52:53,459.6,503.5,22.84
19:52:58,646.2,694.6,22.87
19:53:03,340.2,381.4,22.91
19:53:08,340.3,381.5,22.94
19:53:13,340.2,381.5,22.97
19:53:18,341.3,382.3,23.01
19:53:23,341.3,382.3,23.03
19:53:28,341.1,382.1,23.06
19:53:33,341.0,381.9,23.09
19:53:38,340.8,381.7,23.12
19:53:43,340.5,381.4,23.16
19:53:48,340.4,381.1,23.21
19:53:53,340.0,380.7,23.24
19:53:58,600.4,642.4,23.27
19:54:03,655.2,698.4,23.30
19:54:08,639.5,690.2,23.33
19:54:13,340.7,381.4,23.37
19:54:18,360.1,401.7,23.41
19:54:23,342.3,382.8,23.44
19:54:28,347.3,385.7,23.47
19:54:33,341.1,383.0,23.51
19:54:38,343.1,385.0,23.55
19:54:43,342.0,384.9,23.58
19:54:48,357.5,401.4,23.62
19:54:53,343.3,387.1,23.66
19:54:58,342.4,387.2,23.69
19:55:03,341.6,387.2,23.72
19:55:08,563.9,614.4,23.76
19:55:13,644.0,693.4,23.79
19:55:18,343.2,388.7,23.84
19:55:24,345.0,390.5,23.88
19:55:29,343.9,389.4,23.91
19:55:34,345.8,391.2,23.95
19:55:39,344.7,390.1,23.98
19:55:44,343.6,388.9,24.01
19:55:49,345.3,390.7,24.06
19:55:54,344.1,389.4,24.10
19:55:59,345.9,391.2,24.14
19:56:04,344.7,389.8,24.17
19:56:09,346.4,391.6,24.21
19:56:14,345.1,390.2,24.24
19:56:19,608.2,659.2,24.28
19:56:24,649.8,700.8,24.32
19:56:29,472.0,521.5,24.36
19:56:34,345.7,390.6,24.40
19:56:39,344.1,389.0,24.43
19:56:44,345.8,390.6,24.48
19:56:49,347.5,392.3,24.52
19:56:54,345.9,390.6,24.55
19:56:59,347.5,392.2,24.60
19:57:04,345.9,390.5,24.63
19:57:09,348.4,393.1,24.67
19:57:14,346.7,391.3,24.71
19:57:19,348.4,392.9,24.75
19:57:24,346.5,391.0,24.78
19:57:29,348.0,392.6,24.82
19:57:34,789.9,839.6,24.86
19:57:39,661.4,711.3,24.89
19:57:44,349.7,394.6,24.95
19:57:49,347.7,392.6,24.98
19:57:54,349.3,394.1,25.03
19:57:59,347.2,392.0,25.06
19:58:04,348.8,393.5,25.11
19:58:09,350.3,395.0,25.15
19:58:14,348.2,392.8,25.18
19:58:19,349.7,394.3,25.22
19:58:24,347.5,392.1,25.25
19:58:29,348.9,393.5,25.30
19:58:34,350.5,395.0,25.34
19:58:39,348.2,392.6,25.37
19:58:44,349.7,394.1,25.41
19:58:49,351.2,395.5,25.46
19:58:54,475.7,523.9,25.50
19:58:59,651.9,701.1,25.54
19:59:04,670.6,726.2,25.58
19:59:09,349.2,393.4,25.62
19:59:14,350.6,394.8,25.67
19:59:19,348.1,392.2,25.71
19:59:24,349.5,393.6,25.75
19:59:29,350.9,395.8,25.79
19:59:34,348.4,393.2,25.83
19:59:39,349.7,394.5,25.86
19:59:44,351.1,395.9,25.90
19:59:49,352.6,397.2,25.95
19:59:54,349.8,394.4,25.98
19:59:59,351.2,395.8,26.02
20:00:04,352.6,397.1,26.07
20:00:09,349.7,394.2,26.10
20:00:14,477.9,523.3,26.15
20:00:19,642.2,687.5,26.19
20:00:24,673.5,725.6,26.23
20:00:29,350.9,395.2,26.28
20:00:34,352.2,396.5,26.32
20:00:39,353.5,397.8,26.36
20:00:44,350.5,394.7,26.39
20:00:49,351.8,397.0,26.44
20:00:54,354.2,398.6,26.48
20:00:59,351.1,395.4,26.51
20:01:04,352.4,396.7,26.55
20:01:09,353.7,412.5,26.59
20:01:14,355.0,413.7,26.65
20:01:19,351.8,410.4,26.68
20:01:24,353.1,411.7,26.72
20:01:29,354.3,412.9,26.76
20:01:34,386.9,446.1,26.81
20:01:39,691.4,749.2,26.84
20:01:45,689.3,753.4,26.88
20:01:50,644.9,664.0,26.93
20:01:55,343.8,360.4,26.98
20:02:00,363.3,382.1,27.01
20:02:05,341.7,359.3,27.06
20:02:10,369.9,387.3,27.10
20:02:15,349.8,367.1,27.14
20:02:20,370.0,387.2,27.17
20:02:25,342.5,359.7,27.22
20:02:30,343.8,361.0,27.26
20:02:35,345.3,362.4,27.31
20:02:40,374.2,392.7,27.36
20:02:45,342.8,359.9,27.39
20:02:50,346.2,363.0,27.43
20:02:55,347.3,364.2,27.47
20:03:00,348.5,365.3,27.52
20:03:05,372.6,391.4,27.55
20:03:10,629.4,647.8,27.59
20:03:15,639.9,662.0,27.63
20:03:20,671.9,701.5,27.68
20:03:25,349.4,366.1,27.74
20:03:30,345.5,362.1,27.77
20:03:35,346.7,363.2,27.81
20:03:40,347.8,364.3,27.85
20:03:45,348.9,365.9,27.90
20:03:50,350.1,367.0,27.94
20:03:55,346.1,362.9,27.97
20:04:00,347.1,364.0,28.01
20:04:05,348.3,365.1,28.07
20:04:10,349.4,366.2,28.11
20:04:15,350.5,367.3,28.15
20:04:20,346.5,363.1,28.19
20:04:25,347.5,364.1,28.23
20:04:30,348.6,365.2,28.27
20:04:35,349.7,366.2,28.32
20:04:40,350.8,367.3,28.36
20:04:45,348.1,363.2,28.39
20:04:50,482.0,500.6,28.43
20:04:55,830.1,851.8,28.48
20:05:00,664.4,687.4,28.52
20:05:05,677.1,705.5,28.57
20:05:10,407.2,426.5,28.63
20:05:15,349.0,363.9,28.66
20:05:20,350.1,364.9,28.70
20:05:25,351.1,365.9,28.74
20:05:30,352.2,366.9,28.78
20:05:35,353.3,368.0,28.83
20:05:40,348.7,363.3,28.87
20:05:45,349.8,364.3,28.91
20:05:50,350.8,366.2,28.96
20:05:55,351.8,367.1,29.00
20:06:00,352.8,368.9,29.04
20:06:05,353.9,369.9,29.09
20:06:10,349.1,365.2,29.13
20:06:15,350.2,366.7,29.16
20:06:20,351.2,367.7,29.20
20:06:25,352.1,368.6,29.25
20:06:30,353.2,369.8,29.29
20:06:35,355.5,372.0,29.34
20:06:40,356.4,373.0,29.38
20:06:45,351.6,368.0,29.41
20:06:50,481.6,500.3,29.46
20:06:55,586.2,606.4,29.51
20:07:00,728.0,749.8,29.55
20:07:05,644.4,665.0,29.60
20:07:10,668.6,688.7,29.64
20:07:15,669.3,702.6,29.68
20:07:20,680.6,704.4,29.71
20:07:26,418.8,439.6,29.77
20:07:31,354.4,370.5,29.81
20:07:36,355.4,371.4,29.85
20:07:41,356.2,372.3,29.90
20:07:46,357.3,373.2,29.95
20:07:51,352.1,368.0,29.99
20:07:56,353.0,368.9,30.02
20:08:01,354.0,369.8,30.07
20:08:06,354.9,370.7,30.11
20:08:11,355.9,371.6,30.16
20:08:16,356.8,372.5,30.20
20:08:21,357.8,373.4,30.25
20:08:26,358.7,374.3,30.29
20:08:31,354.4,369.9,30.32
20:08:36,355.3,370.8,30.36
20:08:41,356.2,371.7,30.41
20:08:46,357.2,372.5,30.45
20:08:51,358.1,373.4,30.50
20:08:56,359.0,374.4,30.54
20:09:01,360.0,375.3,30.59
20:09:06,354.4,369.6,30.63
20:09:11,355.3,370.5,30.66
20:09:16,356.2,371.4,30.70
20:09:21,357.1,372.2,30.75
20:09:26,358.0,373.1,30.79
20:09:31,358.9,374.0,30.84
20:09:36,359.8,374.8,30.88
20:09:41,360.7,375.7,30.92
20:09:46,361.7,376.6,30.97
20:09:51,355.9,370.7,31.00
20:09:56,356.8,371.6,31.05
20:10:01,357.7,372.4,31.10
20:10:06,358.5,373.3,31.14
20:10:11,359.4,374.1,31.19
20:10:16,360.3,374.9,31.23
20:10:21,361.2,375.8,31.28
20:10:26,362.4,377.1,31.32
20:10:31,356.4,371.0,31.35
20:10:36,357.3,371.8,31.40
20:10:41,358.2,372.6,31.44
20:10:46,359.0,373.5,31.49
20:10:51,359.9,375.3,31.53
20:10:56,360.7,376.1,31.57
20:11:01,352.9,361.5,31.62
20:11:06,353.7,362.6,31.66
20:11:11,354.6,363.4,31.71
20:11:16,348.6,357.2,31.74
20:11:21,349.3,358.1,31.78
20:11:26,382.8,394.5,31.83
20:11:31,488.4,503.1,31.87
20:11:36,641.3,651.6,31.92
20:11:41,606.5,616.4,31.96
20:11:46,770.3,785.9,32.01
20:11:51,612.5,627.0,32.05
20:11:56,387.6,400.2,32.10
20:12:01,356.5,364.8,32.14
20:12:06,350.0,358.4,32.17
20:12:11,389.3,398.1,32.22
20:12:16,351.9,360.1,32.26
20:12:21,394.7,405.3,32.31
20:12:26,356.4,364.9,32.36
20:12:31,378.1,395.6,32.40
20:12:36,386.0,396.5,32.44
20:12:41,358.9,367.7,32.49
20:12:46,329.2,327.1,32.53
20:12:51,329.2,327.1,32.66
20:12:56,329.7,327.5,32.78
20:13:01,330.1,327.6,32.90
20:13:06,323.8,321.2,33.01
20:13:11,325.9,323.2,33.13
20:13:16,328.0,325.2,33.25
20:13:21,330.3,327.7,33.38
20:13:26,333.6,330.9,33.50
20:13:31,337.4,334.7,33.62
20:13:36,341.3,338.8,33.74
20:13:41,346.5,344.3,33.86
20:13:46,343.7,341.3,33.97
20:13:51,349.2,347.1,34.10
20:13:57,355.7,353.8,34.22
20:14:02,691.1,692.3,34.31
20:14:07,626.0,624.6,34.41
20:14:12,569.7,573.5,34.45
20:14:17,468.0,466.2,34.49
20:14:22,236.0,233.7,34.55
20:14:27,200.8,200.0,34.59
20:14:32,171.0,172.5,26.61
20:14:37,249.2,269.3,26.65
20:14:42,189.7,196.7,26.70
20:14:47,194.9,203.2,26.74
20:14:52,204.0,213.3,26.79
20:14:57,213.9,222.7,26.83
20:15:02,267.0,281.9,26.87
20:15:07,228.4,241.5,26.93
20:15:12,240.5,254.1,26.97
20:15:17,255.6,271.1,27.02
20:15:22,265.4,280.1,27.06
20:15:27,267.4,279.0,27.10
20:15:32,273.0,281.8,27.15
20:15:37,277.7,283.7,27.20
20:15:42,278.9,283.3,27.24
20:15:47,286.9,288.9,27.29
20:15:52,288.3,288.3,27.33
20:15:57,286.2,284.9,27.37
20:16:02,284.4,282.8,27.42
20:16:07,290.1,288.2,27.47
20:16:12,294.1,292.3,27.51
20:16:17,360.4,362.8,27.55
20:16:22,301.8,299.4,27.60
20:16:27,312.9,310.6,27.64
20:16:32,311.6,309.2,27.69
20:16:37,315.9,313.3,27.74
20:16:42,329.3,326.8,27.78
20:16:47,334.6,332.2,27.82
20:16:52,406.8,406.0,27.87
20:16:57,353.1,350.4,27.92
20:17:02,352.9,350.1,27.96
20:17:07,357.5,354.5,28.00
20:17:12,299.6,299.8,28.04
20:17:17,306.2,305.8,28.10
20:17:22,305.7,308.0,28.14
20:17:27,304.4,306.5,28.18
20:17:32,203.7,203.6,28.22
20:17:37,458.0,459.8,28.27
20:17:42,305.6,306.0,28.32
20:17:47,303.7,303.0,28.36
20:17:52,296.6,295.8,28.40
20:17:57,286.3,285.3,28.45
20:18:02,283.6,283.5,28.49
20:18:07,454.5,456.3,28.54
20:18:12,264.8,264.6,28.59
20:18:17,251.7,251.7,28.63
20:18:22,244.7,244.5,28.67
20:18:27,234.7,233.6,28.72
20:18:32,237.9,238.4,28.76
20:18:37,240.7,241.2,28.81
20:18:42,243.5,251.8,28.85
20:18:47,344.5,344.9,28.89
20:18:52,478.7,480.1,28.93
20:18:57,251.6,251.2,28.99
20:19:02,254.4,253.9,29.03
20:19:07,257.2,256.6,29.08
20:19:12,259.9,260.3,29.12
20:19:17,262.6,263.9,29.17
20:19:22,265.4,267.6,29.21
20:19:27,268.2,270.3,29.25
20:19:32,270.9,273.1,29.30
20:19:37,273.7,287.5,29.34
20:19:42,276.5,293.0,29.39
20:19:47,279.3,297.5,29.43
20:19:52,283.7,301.8,29.48
20:19:57,286.4,304.5,29.52
20:20:02,289.2,307.2,29.56
20:20:07,399.2,420.6,29.61
20:20:12,702.4,724.9,29.65
20:20:17,570.3,594.4,29.69
20:20:22,579.9,602.6,29.74
20:20:27,594.7,618.0,29.78
20:20:32,602.8,640.6,29.83
20:20:37,614.5,646.1,29.87
20:20:42,624.5,652.5,29.92
20:20:47,600.4,627.7,29.96
20:20:52,605.9,633.1,30.01
20:20:57,611.3,638.5,30.05
20:21:03,616.7,643.9,30.10
20:21:08,325.6,350.2,30.15
20:21:13,359.2,384.8,30.20
20:21:18,437.9,464.6,30.24
20:21:23,638.7,669.4,30.28
20:21:28,665.4,705.4,30.32
20:21:33,658.8,689.8,30.37
20:21:38,851.5,883.1,30.41
20:21:43,602.3,634.9,30.45
20:21:48,343.6,375.8,30.48
20:21:53,344.5,378.5,30.50
20:21:58,345.3,386.2,30.53
20:22:03,344.0,386.3,30.57
20:22:08,344.8,386.9,30.59
20:22:13,345.4,387.5,30.62
20:22:18,343.9,386.0,30.65
20:22:23,358.8,402.2,30.69
20:22:28,344.9,386.9,30.71
20:22:33,345.2,387.3,30.74
20:22:38,353.8,397.2,30.77
20:22:43,345.9,387.8,30.80
20:22:48,361.0,404.4,30.83
20:22:53,346.5,388.2,30.86
20:22:58,346.6,388.4,30.89
20:23:03,346.7,388.5,30.93
20:23:08,346.9,388.5,30.96
20:23:13,351.7,390.8,30.99
20:23:18,347.5,390.1,31.02
20:23:23,352.6,392.4,31.06
20:23:28,347.1,389.5,31.09
20:23:33,362.5,405.0,31.12
20:23:38,346.8,389.1,31.16
20:23:43,362.9,405.5,31.19
20:23:48,676.2,721.5,31.22
20:23:53,686.6,741.8,31.25
20:23:58,684.7,733.2,31.28
20:24:03,709.3,754.1,31.32
20:24:08,412.9,454.4,31.35
20:24:13,348.8,392.9,31.38
20:24:18,365.2,411.0,31.43
20:24:23,350.4,395.2,31.46
20:24:28,349.8,394.5,31.50
20:24:33,349.1,393.8,31.54
20:24:38,351.2,395.8,31.57
20:24:43,367.4,413.9,31.61
20:24:48,349.6,394.3,31.64
20:24:53,369.3,415.2,31.68
20:24:58,350.8,395.3,31.72
20:25:03,349.9,394.9,31.75
20:25:08,351.6,396.9,31.79
20:25:13,366.3,411.7,31.82
20:25:18,349.5,394.9,31.85
20:25:23,351.6,396.7,31.90
20:25:28,350.5,395.6,31.93
20:25:33,352.3,397.5,31.97
20:25:38,351.4,396.3,32.01
20:25:43,350.2,395.1,32.04
20:25:48,352.1,396.9,32.09
20:25:53,351.0,395.6,32.12
20:25:58,456.6,502.7,32.16
20:26:03,689.5,745.7,32.18
20:26:08,672.7,722.8,32.23
20:26:13,800.7,852.2,32.26
20:26:18,473.9,524.4,32.31
20:26:23,352.2,399.0,32.34
20:26:28,350.7,397.5,32.39
20:26:33,352.4,399.2,32.42
20:26:38,350.9,397.6,32.47
20:26:43,352.6,399.3,32.50
20:26:48,354.2,400.9,32.54
20:26:53,352.7,399.2,32.58
20:26:58,354.3,400.9,32.62
20:27:03,352.6,399.1,32.66
20:27:08,354.3,400.7,32.70
20:27:14,352.5,398.9,32.73
20:27:19,354.2,400.5,32.77
20:27:24,352.4,398.7,32.80
20:27:29,355.1,401.4,32.85
20:27:34,353.2,399.5,32.88
20:27:39,354.9,401.0,32.93
20:27:44,356.4,402.6,32.97
20:27:49,669.4,748.7,33.00
20:27:54,685.3,737.4,33.04
20:27:59,817.2,870.8,33.07
20:28:04,580.2,629.1,33.12
20:28:09,357.0,404.9,33.16
20:28:14,354.8,402.7,33.19
20:28:19,356.3,404.2,33.24
20:28:24,354.2,401.9,33.28
20:28:29,355.7,404.2,33.32
20:28:34,357.1,405.6,33.37
20:28:39,354.9,403.3,33.40
20:28:44,356.3,404.7,33.45
20:28:49,357.8,406.1,33.49
20:28:54,355.5,403.7,33.52
20:28:59,356.9,405.1,33.57
20:29:04,354.5,402.7,33.62
20:29:09,355.9,404.1,33.64
20:29:14,357.3,405.4,33.69
20:29:19,354.9,402.9,33.72
20:29:24,699.9,752.6,33.76
20:29:29,757.0,809.0,33.80
20:29:34,483.4,536.4,33.85
20:29:39,357.3,405.3,33.87
20:29:44,358.7,406.6,33.92
20:29:49,360.1,407.9,33.97
20:29:54,357.4,405.2,34.00
20:29:59,358.8,406.5,34.05
20:30:04,360.2,407.9,34.09
20:30:09,357.4,405.0,34.13
20:30:14,358.7,406.3,34.18
20:30:19,360.1,408.5,34.22
20:30:24,357.2,405.6,34.26
20:30:29,358.5,406.9,34.30
20:30:34,359.9,408.2,34.34
20:30:39,680.0,758.8,34.38
20:30:44,692.3,754.1,34.41
20:30:49,666.4,715.5,34.46
20:30:54,489.7,542.0,34.50
20:30:59,357.6,405.8,34.55
20:31:04,347.4,347.2,34.57
20:31:09,348.8,362.4,34.62
20:31:14,350.1,363.7,34.66
20:31:19,349.4,363.1,34.70
20:31:24,350.8,364.9,34.74
20:31:29,352.0,366.1,34.79
20:31:34,353.4,367.3,34.84
20:31:39,350.1,364.0,34.87
20:31:44,351.3,365.2,34.92
20:31:49,352.6,366.4,34.96
20:31:54,353.9,367.7,35.01
20:31:59,682.5,712.0,35.03
20:32:04,824.1,840.6,35.08
20:32:09,481.2,500.0,35.12
20:32:14,354.2,367.8,35.17
20:32:19,350.7,364.2,35.20
20:32:24,352.4,365.9,35.24
20:32:29,353.5,368.0,35.28
20:32:34,354.7,369.2,35.33
20:32:39,351.1,365.5,35.38
20:32:44,352.3,366.7,35.41
20:32:49,353.7,368.1,35.46
20:32:54,354.9,369.3,35.50
20:32:59,356.0,371.1,35.55
20:33:04,352.3,367.3,35.58
20:33:09,688.0,717.9,35.61
20:33:14,836.8,852.6,35.66
20:33:19,367.2,376.0,35.71
20:33:24,358.0,371.9,35.75
20:33:30,354.2,368.0,35.79
20:33:35,355.4,369.1,35.83
20:33:40,356.5,370.2,35.88
20:33:45,357.6,371.3,35.92
20:33:50,358.8,372.7,35.96
20:33:55,354.8,368.6,36.00
20:34:00,355.8,370.0,36.04
20:34:05,357.0,371.1,36.09
20:34:10,706.3,724.6,36.12
20:34:15,687.8,704.4,36.17
20:34:20,355.0,369.1,36.20
20:34:25,356.2,371.0,36.25
20:34:30,357.2,373.0,36.29
20:34:35,358.3,375.6,36.34
20:34:40,359.4,376.7,36.39
20:34:45,355.2,373.4,36.42
20:34:50,356.4,375.5,36.46
20:34:55,357.6,376.6,36.51
20:35:00,358.7,377.6,36.56
20:35:05,361.0,379.6,36.60
20:35:10,716.1,767.0,36.64
20:35:15,674.7,694.9,36.67
20:35:20,390.0,410.5,36.71
20:35:25,359.8,378.2,36.76
20:35:30,360.8,379.2,36.81
20:35:35,361.9,380.2,36.85
20:35:40,357.3,375.6,36.89
20:35:45,358.4,376.6,36.93
20:35:50,359.4,377.6,36.98
20:35:55,360.4,378.6,37.02
20:36:00,361.5,379.6,37.07
20:36:05,362.5,380.6,37.11
20:36:10,699.5,725.3,37.15
20:36:15,731.3,751.7,37.18
20:36:20,359.8,377.8,37.22
20:36:25,360.8,379.4,37.27
20:36:30,361.9,380.4,37.32
20:36:35,362.9,381.4,37.36
20:36:40,363.9,383.3,37.41
20:36:45,359.1,378.3,37.44
20:36:50,360.0,380.3,37.49
20:36:55,361.0,381.2,37.54
20:37:00,363.9,385.4,37.58
20:37:05,686.7,735.8,37.62
20:37:10,692.3,718.4,37.66
20:37:15,392.6,418.5,37.71
20:37:20,361.8,383.2,37.73
20:37:25,362.8,384.1,37.78
20:37:30,363.9,385.0,37.83
20:37:35,364.8,386.0,37.87
20:37:40,365.8,386.9,37.92
20:37:45,366.7,387.8,37.97
20:37:50,361.5,382.6,38.01
20:37:55,362.4,383.5,38.05
20:38:00,718.3,768.4,38.08
20:38:05,684.2,707.2,38.13
20:38:10,365.3,386.2,38.17
20:38:15,366.3,387.1,38.22
20:38:20,367.2,388.0,38.26
20:38:25,368.1,388.9,38.30
20:38:30,362.8,383.5,38.34
20:38:35,363.7,384.3,38.39
20:38:40,365.0,385.6,38.43
20:38:45,366.0,386.5,38.48
20:38:50,366.9,387.4,38.53
20:38:55,700.0,728.8,38.56
20:39:00,595.9,621.1,38.61
20:39:05,364.1,384.5,38.65
20:39:10,365.0,385.3,38.69
20:39:15,365.9,386.2,38.73
20:39:20,366.8,387.0,38.77
20:39:25,367.7,387.9,38.82
20:39:30,368.7,388.8,38.87
20:39:35,369.5,389.6,38.91
20:39:40,370.4,390.5,38.96
20:39:45,708.4,733.0,38.99
20:39:51,592.9,617.3,39.03
20:39:56,366.4,386.4,39.07
20:40:01,367.3,387.2,39.12
20:40:06,368.1,388.1,39.16
20:40:11,369.0,388.9,39.21
20:40:16,370.0,389.8,39.25
20:40:21,370.8,390.6,39.30
20:40:26,371.7,391.4,39.35
20:40:31,685.1,730.7,39.37
20:40:36,693.5,722.7,39.41
20:40:41,399.7,421.7,39.46
20:40:46,368.4,387.9,39.51
20:40:51,370.2,389.7,39.56
20:40:56,371.0,390.5,39.59
20:41:01,371.9,391.3,39.64
20:41:06,372.8,392.1,39.69
20:41:11,373.6,392.9,39.74
20:41:16,647.3,667.8,39.76
20:41:21,725.2,748.2,39.80
20:41:26,369.1,388.3,39.85
20:41:31,412.6,433.3,39.90
20:41:36,372.9,397.2,39.95
20:41:41,413.1,435.1,39.98
20:41:46,372.4,391.4,40.03
20:41:51,411.3,430.9,40.08
20:41:56,374.1,393.0,40.13
20:42:01,725.2,753.0,40.16
20:42:06,499.7,518.9,40.19
20:42:11,369.3,388.1,40.24
20:42:16,370.2,388.8,40.29
20:42:21,371.0,389.6,40.33
20:42:26,371.8,390.4,40.37
20:42:31,372.6,391.2,40.42
20:42:36,373.4,391.9,40.47
20:42:41,733.5,783.1,40.50
20:42:46,91.7,86.3,32.08
20:42:51,91.7,86.3,32.08
20:42:56,91.7,86.3,32.08
20:43:01,91.7,86.3,32.08
20:43:06,91.7,86.3,32.08
20:43:11,91.7,86.3,32.08
20:43:16,91.7,86.3,32.08
20:43:21,91.7,86.3,32.08
20:43:26,91.7,86.3,32.08
20:43:31,91.7,86.3,32.08
20:43:36,91.7,86.3,32.08
20:43:41,91.7,86.3,32.08
20:43:46,91.7,86.3,32.08
20:43:51,91.7,86.3,32.08
20:43:56,91.7,86.3,32.08
20:44:01,91.7,86.3,32.08
20:44:06,91.7,86.3,32.08
20:44:11,91.7,86.3,32.08
20:44:16,91.7,86.3,32.08
20:44:21,91.7,86.3,32.08
20:44:26,91.7,86.3,32.08
20:44:31,91.7,86.3,32.08
20:44:36,91.7,86.3,32.08
20:44:41,91.7,86.3,32.08
20:44:46,91.7,86.3,32.08
20:44:51,91.7,86.3,32.08
20:44:56,91.7,86.3,32.08
20:45:01,91.7,86.3,32.08
20:45:06,91.7,86.3,32.08
20:45:11,91.7,86.3,32.08
20:45:16,91.7,86.3,32.08
20:45:21,91.7,86.3,32.08
20:45:26,91.7,86.3,32.08
20:45:31,91.7,86.3,32.08
20:45:36,91.7,86.3,32.08
20:45:41,91.7,86.3,32.08
20:45:46,91.7,86.3,32.08
20:45:51,91.7,86.3,32.08
20:45:56,91.7,86.3,32.08
20:46:01,91.7,87.2,32.08
20:46:06,91.7,87.2,32.08
20:46:11,91.7,87.2,32.08
20:46:16,91.7,87.2,32.08
20:46:22,91.7,87.2,32.08
20:46:27,91.7,87.2,32.08
20:46:32,91.7,87.2,32.08
20:46:37,91.7,87.2,32.08
20:46:42,91.7,87.2,32.08
20:46:47,91.7,87.2,32.08
20:46:52,91.7,87.2,32.08
20:46:57,91.7,87.2,32.08
20:47:02,91.7,87.2,32.08
20:47:07,91.7,87.2,32.08
20:47:12,91.7,87.2,32.08
20:47:17,91.7,87.2,32.08
20:47:22,91.7,87.2,32.08
20:47:27,91.7,87.2,32.08
20:47:32,91.7,87.2,32.08
20:47:37,91.7,87.2,32.08
20:47:42,91.7,87.2,32.08
20:47:47,91.7,87.2,32.08
20:47:52,91.7,87.2,32.08
20:47:57,91.7,87.2,32.08
20:48:02,91.7,87.2,32.08
20:48:07,91.7,87.2,32.08
20:48:12,91.7,87.2,32.08
20:48:17,91.7,87.2,32.08
20:48:22,91.7,87.2,32.08
20:48:27,91.7,87.2,32.08
20:48:32,91.7,87.2,32.08
20:48:37,91.7,87.2,32.08
20:48:42,91.7,87.2,32.08
20:48:47,91.7,87.2,32.08
20:48:52,91.7,87.2,32.08
20:48:57,91.7,87.2,32.08
20:49:02,91.7,87.2,32.08
20:49:07,91.7,87.2,32.08
20:49:12,91.7,87.2,32.08
20:49:17,91.7,87.2,32.08
20:49:22,91.7,87.2,32.08
20:49:27,91.7,87.2,32.08
20:49:32,91.7,87.2,32.08
20:49:37,91.7,87.2,32.08
20:49:42,91.7,87.2,32.08
20:49:47,91.7,87.2,32.08
20:49:52,91.7,87.2,32.08
20:49:57,91.7,87.2,32.08
20:50:02,91.7,87.2,32.08
20:50:07,91.7,87.2,32.08
20:50:12,91.7,87.2,32.08
20:50:17,91.7,87.2,32.08
20:50:22,91.7,87.2,32.08
20:50:27,91.7,87.2,32.08
20:50:32,91.7,87.2,32.08
20:50:37,91.7,87.2,32.08
20:50:42,91.7,87.2,32.08
20:50:47,91.7,87.2,32.08
20:50:52,91.7,87.2,32.08
20:50:57,91.7,87.2,32.08
20:51:02,91.7,87.2,32.08
20:51:07,91.7,87.2,32.08
20:51:12,91.7,87.2,32.08
20:51:17,91.7,87.2,32.08
20:51:22,91.7,87.2,32.08
20:51:27,91.7,87.2,32.08
20:51:32,91.7,87.2,32.08
20:51:37,91.7,87.2,32.08
20:51:42,91.7,87.2,32.08
20:51:47,91.7,87.2,32.08
20:51:52,91.7,87.2,32.08
20:51:57,91.7,87.2,32.08
20:52:02,91.7,87.2,32.08
20:52:07,91.7,87.2,32.08
20:52:12,91.7,87.2,32.08
20:52:17,91.7,87.2,32.08
20:52:22,91.7,87.2,32.08
20:52:27,91.7,87.2,32.08
20:52:32,91.7,87.2,32.08
20:52:37,91.7,87.2,32.08
20:52:42,91.7,87.2,32.08
20:52:47,91.7,87.2,32.08
20:52:52,91.7,87.2,32.08
20:52:57,91.7,87.2,32.08
20:53:03,91.7,87.2,32.08
20:53:08,91.7,87.2,32.08
20:53:13,91.7,87.2,32.08
20:53:18,91.7,87.2,32.08
20:53:23,91.7,87.2,32.08
20:53:28,91.7,87.2,32.08
20:53:33,91.7,87.2,32.08
20:53:38,91.7,87.2,32.08
20:53:43,91.7,87.2,32.08
20:53:48,91.7,87.2,32.08
20:53:53,91.7,87.2,32.08
20:53:58,91.7,87.2,32.08
20:54:03,91.7,87.2,32.08
20:54:08,91.7,87.2,32.08
20:54:13,91.7,87.2,32.08
20:54:18,91.7,87.2,32.08
20:54:23,91.7,87.2,32.08
20:54:28,91.7,87.2,32.08
20:54:33,91.7,87.2,32.08
20:54:38,91.7,87.2,32.08
20:54:43,91.7,87.2,32.08
20:54:48,91.7,87.2,32.08
20:54:53,91.7,87.2,32.08
20:54:58,91.7,87.2,32.08
20:55:03,91.7,87.2,32.08
20:55:08,91.7,87.2,32.08
20:55:13,91.7,87.2,32.08
20:55:18,91.7,87.2,32.08
20:55:23,91.7,88.2,32.08
20:55:28,91.7,88.2,32.08
20:55:33,91.7,88.2,32.08
20:55:38,91.7,88.2,32.08
20:55:43,91.7,88.2,32.08
20:55:48,91.7,88.2,32.08
20:55:53,91.7,88.2,32.08
20:55:58,91.7,88.2,32.08
20:56:03,91.7,88.2,32.08
20:56:08,91.7,88.2,32.08
20:56:13,91.7,88.2,32.08
20:56:18,91.7,88.2,32.08
20:56:23,91.7,88.2,32.08
20:56:28,91.7,88.2,32.08
20:56:33,91.7,88.2,32.08
20:56:38,91.7,88.2,32.08
20:56:43,91.7,88.2,32.08
20:56:48,91.7,88.2,32.08
20:56:53,91.7,88.2,32.08
20:56:58,91.7,88.2,32.08
20:57:03,91.7,88.2,32.08
20:57:08,91.7,88.2,32.08
20:57:13,91.7,88.2,32.08
20:57:18,91.7,88.2,32.08
20:57:23,91.7,88.2,32.08
20:57:28,91.7,88.2,32.08
20:57:33,91.7,88.2,32.08
20:57:38,91.7,88.2,32.08
20:57:43,91.7,88.2,32.08
20:57:48,91.7,88.2,32.08
20:57:53,91.7,88.2,32.08
20:57:58,91.7,88.2,32.08
20:58:03,91.7,88.2,32.08
20:58:08,91.7,88.2,32.08
20:58:13,91.7,88.2,32.08
20:58:18,91.7,88.2,32.08
20:58:23,91.7,88.2,32.08
20:58:28,91.7,88.2,32.08
20:58:33,91.7,88.2,32.08
20:58:38,91.7,88.2,32.08
20:58:43,91.7,88.2,32.08
20:58:48,91.7,88.2,32.08
20:58:53,91.7,88.2,32.08
20:58:58,91.7,88.2,32.08
20:59:03,91.7,88.2,32.08
20:59:08,91.7,88.2,32.08
20:59:13,91.7,88.2,32.08
20:59:18,91.7,88.2,32.08
20:59:23,91.7,88.2,32.08
20:59:28,91.7,88.2,32.08
20:59:33,91.7,88.2,32.08
20:59:38,91.7,88.2,32.08
20:59:44,91.7,88.2,32.08
20:59:49,91.7,88.2,32.08
20:59:54,91.7,88.2,32.08
20:59:59,91.7,88.2,32.08
21:00:04,91.7,88.2,32.08
21:00:09,91.7,88.2,32.08
21:00:14,91.7,88.2,32.08
21:00:19,91.7,88.2,32.08
21:00:24,91.7,88.2,32.08
21:00:29,91.7,88.2,32.08
21:00:34,91.7,88.2,32.08
21:00:39,91.7,88.2,32.08
21:00:44,91.7,88.2,32.08
21:00:49,91.7,88.2,32.08
21:00:54,91.7,88.2,32.08
21:00:59,91.7,88.2,32.08
21:01:04,91.7,88.2,32.08
21:01:09,91.7,88.2,32.08
21:01:14,91.7,88.2,32.08
21:01:19,91.7,88.2,32.08
21:01:24,91.7,88.2,32.08
21:01:29,91.7,88.2,32.08
21:01:34,91.7,88.2,32.08
21:01:39,91.7,88.2,32.08
21:01:44,91.7,88.2,32.08
21:01:49,91.7,88.2,32.08
21:01:54,91.7,88.2,32.08
21:01:59,91.7,88.2,32.08
21:02:04,91.7,88.2,32.08
21:02:09,91.7,88.2,32.08
21:02:14,91.7,88.2,32.08
21:02:19,91.7,88.2,32.08
21:02:24,91.7,88.2,32.08
21:02:29,91.7,88.2,32.08
21:02:34,91.7,88.2,32.08
21:02:39,91.7,88.2,32.08
21:02:44,91.7,88.2,32.08
21:02:49,91.7,88.2,32.08
21:02:54,91.7,88.2,32.08
21:02:59,91.7,88.2,32.08
21:03:04,91.7,88.2,32.08
21:03:09,91.7,88.2,32.08
21:03:14,91.7,88.2,32.08
21:03:19,91.7,88.2,32.08
21:03:24,91.7,88.2,32.08
21:03:29,91.7,88.2,32.08
21:03:34,91.7,88.2,32.08
21:03:39,91.7,88.2,32.08
21:03:44,91.7,88.2,32.08
21:03:49,91.7,88.2,32.08
21:03:54,91.7,88.2,32.08
21:03:59,91.7,88.2,32.08
21:04:04,91.7,88.2,32.08
21:04:09,91.7,88.2,32.08
21:04:14,91.7,88.2,32.08
21:04:19,91.7,88.2,32.08
21:04:24,91.7,88.2,32.08
21:04:29,91.7,88.2,32.08
21:04:34,91.7,88.2,32.08
21:04:39,91.7,88.2,32.08
21:04:44,91.7,88.2,32.08
21:04:49,91.7,88.2,32.08
21:04:54,91.7,88.2,32.08
21:04:59,91.7,88.2,32.08
21:05:04,91.7,88.2,32.08
21:05:09,91.7,88.2,32.08
21:05:14,91.7,88.2,32.08
21:05:19,91.7,88.2,32.08
21:05:24,91.7,88.2,32.08
21:05:29,91.7,88.2,32.08
21:05:34,91.7,88.2,32.08
21:05:39,91.7,88.2,32.08
21:05:44,91.7,88.2,32.08
21:05:49,91.7,88.2,32.08
21:05:54,91.7,88.2,32.08
21:05:59,91.7,88.2,32.08
21:06:04,91.7,88.2,32.08
21:06:09,91.7,88.2,32.08
21:06:14,91.7,88.2,32.08
21:06:19,91.7,88.2,32.08
